{
  "models": {
    "eeru8svx_aux_bayes_t5": {
      "top1_pct": 13.23076923076923,
      "correct": 43,
      "wrong_n": 282,
      "distance_buckets": {
        "1": 59,
        "2": 81,
        "3": 81,
        "4plus": 61,
        "inf": 0
      },
      "pct_wrong_le2": 49.645390070921984,
      "mean_wrong_dist": 2.5921985815602837,
      "directionality": {
        "branch_jump": 99,
        "descendant_pred_lower_sym": 153,
        "ancestor_pred_higher_sym": 30,
        "correct": 43
      }
    },
    "mixed2500k_655279_aux_bayes_t5": {
      "top1_pct": 10.461538461538462,
      "correct": 34,
      "wrong_n": 291,
      "distance_buckets": {
        "1": 65,
        "2": 85,
        "3": 94,
        "4plus": 47,
        "inf": 0
      },
      "pct_wrong_le2": 51.54639175257732,
      "mean_wrong_dist": 2.457044673539519,
      "directionality": {
        "branch_jump": 95,
        "descendant_pred_lower_sym": 165,
        "ancestor_pred_higher_sym": 31,
        "correct": 34
      }
    }
  }
}